Sintor;sparklehelm
Zanzu;gobblebelch
Brifiz;fiddleboots
Xoxim;berryfirn
Nesmin;quickboot
Erji;neckleseckle
Ianser;pombasoton
Rasser;tanpell
Sinlen;hompebenen
Salen;nepplemepple
Klonoa;quietlob
Xyroza;luckypatch
Alutina;whistlestamp
Xyroli;broaddrop
Philys;tosslefirn
Inamiphi;woombatidas
Celgani;lusero
Ariroe;alwuban
Hesrhana;zekkadibes
Retina;worenesas
Kasji;togglefield
Sinbar;shadowmask
Merbis;glitterbonk
Umybar;dapplefern
Lofiz;bellowbranch
Valpip;aercel
Orji;templesample
Manhik;sepleheple
Corver;zickledeckle
Wrenan;rosirers
Refi;palebit
Eiliyore;swiftstone
Quekini;whistlebonk
Quemyn;twingift
Inagani;flukepitch
Xyronoa;bunpund
Loribi;pampleden
Myxis;peradenend
Xyrophina;nonbur
Prinoa;ricklaban