Yarzu;thornfingers
Laret;glowbridge
Kasder;fatfeet
Vinver;amberman
Quinton;leafdew
Paneon;cloudbraid
Korras;autumnbrook
Arder;mossdream
Andon;littleleaf
Elmin;proudwind
Trynyola;proudberry
Pruprys;softhill
Xangwen;mistshine
Belnys;tensky
Xanyra;stillrabbit
Hilree;glenbloom
Wikis;commondew
Graora;clearhollow
Darree;whispermouse
Lideni;springwater
Anras;nightfoot
Erorin;silenteyes
Pimzin;mistleaf
Irayver;ravenglide
Elhace;wildman
Rilos;leafwater
Valkas;thistlehare
Ricwrick;stoneace
Idovon;ambermane
Halzin;deepbottle
Jayvira;dustwhistle
Graphina;stillbough
Chentrix;leabraid
Zefphina;fernsky
Paegwen;mossmouse
Xanphina;ravengather
Prukath;fatkettle
Vajen;reedsurge
Eodove;smoothblossom
Odilyse;biglade